age,bp,sg,al,su,rbc,pc,pcc,ba,bgr,bu,sc,sod,pot,hemo,pcv,wbcc,rbcc,htn,dm,cad,appet,pe,ane,classification
69,163,1.02,2,0,abnormal,abnormal,notpresent,notpresent,154,49,4.51,139,5.0,13.2,27,9068,4.8,no,yes,yes,poor,yes,yes,ckd
32,145,1.01,2,3,abnormal,normal,notpresent,present,211,30,4.07,137,5.1,11.4,27,9233,2.9,yes,yes,yes,poor,yes,no,notckd
89,150,1.015,5,1,abnormal,normal,present,present,135,18,6.79,105,7.0,12.5,32,13516,2.3,yes,yes,no,poor,yes,no,notckd
78,94,1.005,5,5,normal,abnormal,present,present,144,55,2.04,107,4.7,15.9,46,4317,4.7,yes,no,no,good,no,yes,notckd
38,124,1.025,5,5,abnormal,abnormal,present,notpresent,248,11,7.76,122,5.3,10.3,46,6396,4.6,yes,no,yes,good,yes,no,ckd
41,158,1.005,5,2,normal,normal,present,notpresent,172,7,5.83,146,6.1,15.0,49,6162,3.1,no,no,yes,good,yes,yes,notckd
20,160,1.005,5,3,normal,abnormal,present,notpresent,235,51,2.0,125,4.9,10.5,53,6745,5.8,no,no,yes,good,no,no,notckd
39,106,1.015,5,4,normal,abnormal,present,notpresent,107,27,6.02,145,7.2,9.6,43,5591,2.6,no,no,yes,good,yes,yes,notckd
70,137,1.005,4,0,normal,normal,present,notpresent,119,50,4.47,142,5.9,17.5,43,10183,3.7,yes,yes,no,poor,yes,no,ckd
19,62,1.01,2,4,normal,abnormal,notpresent,present,167,47,5.8,111,4.5,7.4,30,7930,5.8,no,no,yes,good,no,no,ckd
47,60,1.01,5,3,normal,normal,notpresent,present,151,51,6.26,125,6.6,6.2,24,14188,3.7,no,no,yes,good,yes,yes,notckd
55,64,1.02,2,3,abnormal,abnormal,present,present,99,49,1.15,112,5.6,15.0,44,5312,4.6,no,no,yes,good,yes,yes,ckd
19,149,1.025,2,3,normal,normal,present,present,148,22,4.3,139,5.7,5.9,39,13477,3.6,yes,no,yes,good,yes,no,notckd
81,178,1.005,1,4,normal,normal,notpresent,notpresent,160,42,7.49,117,5.4,15.9,53,8311,3.1,no,no,yes,good,no,yes,notckd
77,73,1.005,4,3,normal,normal,present,present,248,39,2.9,124,5.5,10.7,34,11314,5.9,yes,yes,yes,good,yes,yes,notckd
38,162,1.015,5,5,abnormal,abnormal,present,notpresent,121,55,4.95,132,6.8,16.9,19,6383,3.6,yes,yes,yes,good,yes,yes,notckd
50,86,1.01,0,4,abnormal,normal,notpresent,present,235,19,3.27,146,3.5,14.4,15,7239,5.6,yes,yes,no,poor,no,yes,notckd
75,68,1.025,3,3,normal,abnormal,present,notpresent,148,29,3.91,139,4.7,12.9,44,6139,2.9,yes,no,no,poor,yes,no,notckd
39,138,1.02,0,5,abnormal,normal,notpresent,notpresent,99,59,4.61,142,3.4,17.3,17,5704,2.9,no,yes,no,good,no,no,notckd
66,74,1.01,4,2,normal,normal,present,present,175,41,4.62,111,6.8,10.2,28,10924,2.1,yes,yes,no,poor,no,yes,ckd
76,149,1.02,3,3,normal,abnormal,notpresent,present,120,32,2.01,143,4.4,17.4,44,4362,4.6,yes,no,yes,poor,yes,yes,ckd
59,101,1.015,4,4,abnormal,normal,notpresent,present,150,14,5.63,135,7.5,6.8,18,6604,3.5,no,no,no,poor,no,yes,ckd
77,136,1.015,2,1,normal,normal,notpresent,present,202,43,1.16,147,5.6,11.3,32,13908,5.5,no,no,no,poor,no,yes,ckd
32,110,1.005,3,3,abnormal,abnormal,present,notpresent,98,21,1.54,103,7.0,8.5,51,8286,3.9,yes,yes,yes,good,yes,no,ckd
79,122,1.025,2,1,abnormal,normal,notpresent,present,201,43,0.52,104,7.9,12.0,39,7738,5.9,no,yes,yes,poor,no,no,ckd
79,155,1.02,0,5,normal,normal,present,present,207,26,1.38,136,7.2,7.1,15,6469,2.7,yes,no,no,poor,no,yes,ckd
64,162,1.01,0,2,normal,normal,present,notpresent,214,30,4.05,107,7.3,15.9,29,8795,5.5,yes,no,no,poor,yes,yes,notckd
79,172,1.015,3,0,abnormal,normal,present,present,143,48,5.05,141,5.0,16.0,23,10150,5.1,yes,yes,yes,good,yes,yes,notckd
68,111,1.005,3,2,normal,abnormal,present,present,86,29,6.46,148,5.8,17.4,29,4556,5.1,yes,yes,no,good,yes,no,notckd
72,155,1.005,5,3,normal,abnormal,notpresent,present,153,21,1.3,127,4.3,7.0,38,13017,5.4,no,no,yes,good,no,yes,notckd
81,63,1.02,4,1,normal,normal,notpresent,present,138,17,6.88,130,4.0,13.1,18,6808,5.0,yes,no,yes,good,yes,no,ckd
20,153,1.015,5,1,abnormal,abnormal,present,present,103,24,6.09,108,5.5,11.2,26,9150,4.5,no,yes,yes,good,no,yes,ckd
68,160,1.025,4,4,abnormal,normal,present,notpresent,75,29,3.56,128,6.0,9.5,51,11561,2.5,no,no,yes,good,no,no,notckd
24,82,1.015,5,1,normal,abnormal,notpresent,present,122,8,7.5,113,4.7,9.6,51,6719,2.1,no,yes,no,good,no,yes,notckd
38,162,1.02,2,4,abnormal,normal,present,present,195,14,7.93,139,5.8,10.4,20,10506,5.7,no,yes,yes,poor,no,no,ckd
56,168,1.02,3,5,abnormal,normal,notpresent,present,112,7,2.04,140,7.4,14.2,53,7741,4.5,yes,yes,yes,poor,no,yes,notckd
35,74,1.015,0,0,abnormal,normal,present,present,184,45,3.34,121,5.8,12.8,38,13766,5.2,no,yes,no,poor,no,yes,notckd
21,102,1.02,4,3,abnormal,normal,present,present,180,49,7.45,110,6.6,11.0,25,7998,3.9,yes,no,yes,good,no,yes,notckd
77,88,1.015,4,4,abnormal,normal,notpresent,notpresent,220,22,5.91,122,7.0,6.0,27,14321,2.5,no,no,no,good,yes,no,notckd
31,95,1.01,0,0,normal,normal,present,present,149,51,0.86,100,7.9,6.0,48,6403,2.5,no,yes,no,good,yes,yes,ckd
26,72,1.015,5,1,normal,abnormal,notpresent,notpresent,164,40,6.36,145,6.0,5.0,39,12780,4.7,yes,yes,no,good,no,no,notckd
70,91,1.015,4,1,normal,normal,present,notpresent,187,51,6.71,136,7.0,17.6,21,14204,3.7,yes,yes,yes,good,no,no,notckd
19,130,1.02,2,0,abnormal,abnormal,present,present,213,26,6.13,120,7.8,5.1,18,13739,2.8,yes,yes,no,poor,yes,yes,ckd
77,118,1.02,3,1,abnormal,normal,present,present,77,38,6.5,125,7.7,6.3,22,4294,4.0,no,yes,no,poor,no,yes,ckd
88,174,1.005,0,5,normal,abnormal,notpresent,present,201,51,6.69,145,3.7,9.1,34,14177,2.3,no,no,yes,good,yes,yes,notckd
61,145,1.005,3,5,abnormal,abnormal,present,present,173,12,1.9,135,5.0,15.5,43,9343,4.3,yes,no,no,good,yes,no,ckd
25,87,1.01,4,0,normal,abnormal,present,notpresent,201,44,2.27,122,4.6,17.5,24,13882,3.1,yes,no,no,good,yes,yes,notckd
64,125,1.005,4,4,normal,normal,present,present,94,53,5.25,100,3.4,15.3,48,5136,5.2,yes,no,no,good,no,no,notckd
52,101,1.015,0,4,normal,normal,present,present,165,48,7.31,139,6.2,14.0,40,6064,3.2,yes,yes,no,poor,no,no,ckd
53,104,1.02,2,0,abnormal,abnormal,notpresent,present,224,23,2.87,114,6.7,11.8,17,11009,3.8,no,yes,no,good,yes,yes,notckd
67,121,1.005,1,4,abnormal,normal,notpresent,present,162,46,4.91,120,7.2,6.1,20,8543,2.0,yes,yes,yes,good,yes,yes,notckd
21,116,1.005,0,4,normal,abnormal,present,present,229,45,5.62,146,3.6,17.5,19,5007,2.3,yes,yes,no,good,yes,yes,notckd
19,176,1.01,1,5,normal,normal,notpresent,present,247,41,3.89,108,7.4,14.9,19,9445,3.6,yes,yes,no,good,yes,yes,notckd
23,65,1.01,5,4,normal,abnormal,present,notpresent,130,10,5.85,108,6.2,13.3,37,14706,3.9,yes,no,yes,poor,yes,yes,ckd
71,87,1.015,1,2,normal,abnormal,present,notpresent,191,56,7.25,109,6.5,14.9,23,9352,4.4,no,yes,yes,good,no,yes,ckd
21,87,1.02,2,3,abnormal,normal,present,present,120,30,5.18,125,7.6,14.4,49,13439,3.2,yes,no,yes,good,yes,no,notckd
71,167,1.01,5,1,abnormal,abnormal,notpresent,present,216,38,4.55,140,6.1,13.3,34,5435,4.8,no,no,no,poor,no,no,ckd
80,103,1.005,1,2,normal,normal,notpresent,present,90,49,3.79,134,4.7,17.7,49,4571,5.4,yes,no,yes,poor,yes,no,notckd
35,143,1.02,5,4,normal,abnormal,notpresent,notpresent,74,10,4.83,124,7.1,16.7,32,6382,5.1,yes,no,no,poor,no,yes,notckd
61,89,1.02,1,5,abnormal,abnormal,notpresent,present,161,41,3.17,125,4.8,13.4,31,13437,2.2,no,yes,no,good,no,no,notckd
51,121,1.005,2,0,abnormal,normal,notpresent,notpresent,239,37,3.44,110,3.2,14.0,38,14276,3.9,yes,no,yes,good,no,no,notckd
79,134,1.01,1,4,normal,normal,notpresent,present,130,57,4.49,137,7.2,5.7,17,9084,2.4,no,no,yes,poor,no,no,notckd
31,178,1.005,1,5,normal,normal,notpresent,present,91,26,1.0,101,4.7,13.7,46,4277,3.0,no,no,no,poor,no,no,ckd
65,151,1.02,1,3,normal,abnormal,notpresent,present,218,25,2.22,106,6.9,5.6,49,11059,5.9,yes,yes,yes,poor,no,no,notckd
32,148,1.025,0,4,abnormal,normal,notpresent,present,139,10,4.57,117,4.8,12.6,52,5887,2.6,no,yes,no,poor,yes,yes,ckd
89,162,1.025,0,0,abnormal,abnormal,present,notpresent,70,10,3.74,126,7.3,18.0,27,5265,4.0,no,yes,yes,poor,no,yes,ckd
79,121,1.015,0,5,abnormal,abnormal,notpresent,notpresent,202,59,3.0,133,4.1,12.2,39,11491,4.5,no,no,yes,poor,yes,no,notckd
57,156,1.005,2,5,normal,normal,notpresent,present,81,52,5.98,126,7.9,11.2,23,5040,4.8,no,no,yes,good,no,no,notckd
70,60,1.005,5,5,normal,normal,notpresent,present,159,8,5.7,116,6.9,9.1,18,13109,4.2,no,yes,no,good,no,no,notckd
41,86,1.015,4,3,abnormal,abnormal,notpresent,notpresent,115,34,1.75,142,3.6,6.6,28,12073,2.0,no,no,yes,good,yes,yes,notckd
43,121,1.015,1,4,abnormal,abnormal,notpresent,notpresent,103,15,7.09,143,5.8,14.5,51,13077,3.3,no,yes,no,poor,no,yes,notckd
77,175,1.015,1,3,normal,normal,notpresent,notpresent,246,34,4.22,123,7.9,7.5,48,6752,4.1,no,yes,no,poor,yes,no,ckd
58,136,1.02,2,1,abnormal,normal,notpresent,notpresent,147,35,6.06,124,5.4,6.5,25,12213,2.4,yes,no,no,poor,yes,yes,notckd
46,164,1.005,1,1,abnormal,normal,notpresent,present,114,28,4.8,106,3.9,10.5,17,8569,3.4,yes,no,no,poor,yes,yes,notckd
32,62,1.02,0,4,normal,normal,notpresent,notpresent,224,59,7.98,105,5.4,15.3,42,10353,2.1,no,no,yes,poor,yes,no,ckd
62,162,1.015,4,3,abnormal,normal,notpresent,present,142,13,6.14,123,5.6,14.7,43,6353,2.3,yes,no,no,poor,no,yes,ckd
82,129,1.005,3,0,normal,abnormal,notpresent,notpresent,95,59,5.8,132,6.7,5.7,23,11437,3.6,no,yes,no,good,no,yes,notckd
88,131,1.02,1,5,normal,abnormal,present,notpresent,116,7,6.34,148,6.5,10.9,17,8799,2.5,no,yes,yes,good,yes,no,ckd
26,86,1.02,0,5,normal,abnormal,present,notpresent,190,55,1.57,128,5.0,11.8,39,4686,4.3,yes,yes,no,poor,no,yes,notckd
18,68,1.015,3,4,normal,abnormal,notpresent,notpresent,125,35,2.03,142,4.1,13.4,48,12476,4.8,no,yes,yes,good,no,yes,ckd
25,121,1.005,4,1,normal,normal,notpresent,notpresent,163,44,5.86,121,6.2,13.5,26,8811,5.2,no,yes,no,poor,yes,no,ckd
80,96,1.015,3,1,normal,normal,present,present,176,41,4.2,125,5.1,9.7,23,12954,2.8,no,no,yes,good,no,yes,notckd
28,156,1.005,0,5,normal,normal,notpresent,present,132,40,6.16,127,3.7,12.3,29,9346,2.7,no,yes,no,poor,yes,yes,ckd
25,110,1.025,5,4,abnormal,abnormal,present,notpresent,117,28,1.27,149,7.5,11.3,54,9043,2.4,yes,yes,yes,poor,yes,no,ckd
52,165,1.01,5,3,normal,abnormal,present,notpresent,130,35,4.52,120,6.5,16.5,39,6428,4.5,no,yes,no,good,no,no,ckd
52,103,1.01,3,1,normal,normal,present,present,150,10,3.34,148,6.4,11.9,19,14699,4.8,no,no,no,good,no,no,ckd
50,83,1.01,2,3,abnormal,normal,present,notpresent,95,6,3.93,106,7.1,10.7,25,9126,2.1,no,no,yes,poor,no,yes,ckd
22,138,1.015,3,1,abnormal,abnormal,present,notpresent,105,24,5.03,116,5.6,10.3,48,12220,5.7,yes,no,yes,poor,yes,no,ckd
58,118,1.025,1,1,abnormal,abnormal,notpresent,present,70,32,4.27,119,7.1,12.4,38,13098,2.2,no,no,yes,good,yes,yes,notckd
45,177,1.005,1,2,normal,normal,present,notpresent,77,15,4.55,140,5.5,15.5,29,11813,4.2,yes,yes,yes,good,no,no,notckd
24,91,1.02,5,1,abnormal,normal,notpresent,notpresent,182,8,4.15,148,3.3,12.0,52,14698,4.8,yes,yes,no,poor,no,yes,ckd
89,155,1.005,2,0,normal,abnormal,notpresent,present,168,19,3.57,119,5.0,13.6,22,13645,5.5,no,no,no,good,no,no,notckd
29,147,1.02,0,4,normal,normal,present,present,249,10,6.29,121,5.5,14.6,19,7356,4.9,no,no,yes,poor,no,no,notckd
51,164,1.005,1,4,normal,normal,present,present,116,58,0.59,127,6.6,11.8,40,12707,5.2,yes,yes,no,poor,yes,no,notckd
50,111,1.025,5,3,normal,normal,notpresent,notpresent,196,53,4.99,139,3.5,10.5,32,11266,3.4,no,yes,yes,poor,no,no,ckd
65,172,1.02,4,1,abnormal,abnormal,present,present,125,34,4.74,148,3.7,16.4,20,10540,5.3,yes,no,yes,poor,yes,yes,notckd
40,121,1.015,5,0,abnormal,abnormal,present,present,83,42,5.87,106,4.3,10.4,51,4038,2.3,yes,no,no,good,yes,no,ckd
79,172,1.005,1,3,normal,abnormal,notpresent,present,97,55,4.99,100,4.3,11.0,27,7342,5.6,no,no,no,good,no,no,notckd
54,117,1.005,1,2,normal,abnormal,notpresent,present,147,6,6.7,131,6.7,17.9,42,13078,4.2,no,no,no,good,no,yes,ckd
61,111,1.02,5,3,normal,abnormal,present,present,199,19,7.69,112,4.3,5.0,19,6844,5.3,yes,yes,no,good,no,no,ckd
